GROUP,PACKAGE,CLASS,INSTRUCTION_MISSED,INSTRUCTION_COVERED,BRANCH_MISSED,BRANCH_COVERED,LINE_MISSED,LINE_COVERED,COMPLEXITY_MISSED,COMPLEXITY_COVERED,METHOD_MISSED,METHOD_COVERED
pensionerDisbursementMicroservice,com.pensionerDisbursementMicroservice.Exception,GlobalExceptionHandler,13,61,0,0,1,13,1,3,1,3
pensionerDisbursementMicroservice,com.pensionerDisbursementMicroservice.Exception,PensionerDetailNotFoundException,0,4,0,0,0,2,0,1,0,1
pensionerDisbursementMicroservice,com.pensionerDisbursementMicroservice,PensionerDisbursmentMicroserviceApplication,0,8,0,0,0,3,0,2,0,2
pensionerDisbursementMicroservice,com.pensionerDisbursementMicroservice.controller,PensionDisbursementController,0,104,0,2,0,16,0,4,0,3
pensionerDisbursementMicroservice,com.pensionerDisbursementMicroservice.service,PensionDisbursmentService,0,58,0,8,0,8,0,6,0,2
pensionerDisbursementMicroservice,com.pensionerDisbursementMicroservice.service,DetailsUtil,3,0,0,0,1,0,1,0,1,0
pensionerDisbursementMicroservice,com.pensionerDisbursementMicroservice.config,SwaggerConfig,0,24,0,0,0,8,0,3,0,3
pensionerDisbursementMicroservice,com.pensionerDisbursementMicroservice.config,MessageBundleConfig,0,25,0,0,0,8,0,3,0,3
pensionerDisbursementMicroservice,com.pensionerDisbursementMicroservice.Model,ProcessPensionResponse,2,58,1,7,0,5,1,10,0,7
pensionerDisbursementMicroservice,com.pensionerDisbursementMicroservice.Model,CustomErrorResponse,2,198,1,37,0,8,1,31,0,13
pensionerDisbursementMicroservice,com.pensionerDisbursementMicroservice.Model,ProcessPensionInput,2,149,1,23,0,7,1,22,0,11
pensionerDisbursementMicroservice,com.pensionerDisbursementMicroservice.Model,Bank,2,140,1,23,0,7,1,22,0,11
pensionerDisbursementMicroservice,com.pensionerDisbursementMicroservice.Model,PensionerDetail,6,301,1,49,0,11,2,42,1,18
